Latitud,Longitud,Valor_Sentinel,Temp_ERA5_(K),Factor_Error_(%)
1611640.0,138440.0,0.7355,295.7,51.69
1611640.0,142600.0,0.7389,295.69,51.65
1611640.0,146760.0,0.7423,295.66,51.39
1611640.0,150920.0,0.746,295.62,51.06
1611640.0,155080.0,0.7497,295.51,50.08
1611640.0,159240.0,0.7529,295.37,48.93
1611640.0,163400.0,0.7561,295.22,47.67
1611640.0,167560.0,0.7597,295.06,46.3
1611640.0,171720.0,0.7634,294.96,45.49
1611640.0,175880.0,0.7674,294.87,44.73
1611640.0,180040.0,0.7713,294.84,44.46
1611640.0,184200.0,0.775,294.83,44.36
1611640.0,188360.0,0.7787,294.75,43.71
1611640.0,192520.0,0.7824,294.67,43.03
1611640.0,196680.0,0.786,294.57,42.24
1611640.0,200840.0,0.7897,294.44,41.15
1611640.0,205000.0,0.7935,294.4,40.79
1611640.0,209160.0,0.7974,294.57,42.18
1611640.0,213320.0,0.8012,294.83,44.41
1611640.0,217480.0,0.8049,295.23,47.77
1611640.0,221640.0,0.8086,295.59,50.77
1611640.0,225800.0,0.8123,295.88,53.23
1611640.0,229960.0,0.8163,296.25,56.3
1611640.0,234120.0,0.8205,296.44,57.93
1611640.0,238280.0,0.8242,296.69,60.04
1611640.0,242440.0,0.828,296.97,62.4
1611640.0,246600.0,0.8321,297.19,64.25
1611640.0,250760.0,0.8361,297.52,67.05
1611640.0,254920.0,0.8401,297.81,69.44
1611640.0,259080.0,0.844,297.95,70.66
1611640.0,263240.0,0.8478,297.92,70.35
1611640.0,267400.0,0.8516,297.71,68.61
1611640.0,271560.0,0.8558,297.39,65.91
1611640.0,275720.0,0.86,297.1,63.49
1611640.0,279880.0,0.8643,296.82,61.13
1611640.0,284040.0,0.8685,296.57,59.07
1611640.0,288200.0,0.8728,296.48,58.26
1611640.0,292360.0,0.8771,296.54,58.75
1611640.0,296520.0,0.8813,296.75,60.57
1611640.0,300680.0,0.8855,297.0,62.68
1611640.0,304840.0,0.8897,297.2,64.3
1611640.0,309000.0,0.8937,297.27,64.92
1611640.0,313160.0,0.8975,297.07,63.25
1611640.0,317320.0,0.9019,296.72,60.34
1611640.0,321480.0,0.9065,296.22,56.07
1611640.0,325640.0,0.9112,295.59,50.83
1611640.0,329800.0,0.9159,295.12,46.86
1611640.0,333960.0,0.9204,294.8,44.14
1611640.0,338120.0,0.9249,294.87,44.73
1611640.0,342280.0,0.9292,295.03,46.06
1611640.0,346440.0,0.9335,294.99,45.78
1611640.0,350600.0,0.938,294.9,45.03
1611640.0,354760.0,0.9425,294.33,40.22
1611640.0,358920.0,0.9471,293.56,33.73
1611640.0,363080.0,0.9517,292.64,25.94
1611640.0,367240.0,0.9565,291.53,16.61
1611640.0,371400.0,0.9612,290.79,10.38
1611640.0,375560.0,0.9659,290.09,4.52
1611640.0,379720.0,0.9707,289.69,1.19
1611640.0,383880.0,0.9756,289.63,0.63
1611640.0,388040.0,0.9804,289.58,0.28
1611640.0,392200.0,0.9849,289.67,0.96
1611640.0,396360.0,0.9896,289.99,3.66
1611640.0,400520.0,0.9944,290.38,6.96
1611640.0,404680.0,0.9993,290.84,10.82
1611640.0,408840.0,1.0043,291.48,16.25
1611640.0,413000.0,1.0091,291.99,20.48
1611640.0,417160.0,1.0139,292.38,23.79
1611640.0,421320.0,1.0192,292.51,24.84
1607480.0,138440.0,0.7365,295.67,51.45
1607480.0,142600.0,0.7399,295.66,51.41
1607480.0,146760.0,0.7432,295.63,51.15
1607480.0,150920.0,0.7468,295.59,50.83
1607480.0,155080.0,0.7503,295.48,49.88
1607480.0,159240.0,0.7536,295.35,48.75
1607480.0,163400.0,0.7569,295.2,47.52
1607480.0,167560.0,0.7606,295.04,46.17
1607480.0,171720.0,0.7644,294.95,45.38
1607480.0,175880.0,0.7683,294.86,44.63
1607480.0,180040.0,0.7721,294.83,44.37
1607480.0,184200.0,0.7758,294.82,44.28
1607480.0,188360.0,0.7795,294.74,43.66
1607480.0,192520.0,0.7832,294.67,43.02
1607480.0,196680.0,0.7869,294.58,42.25
1607480.0,200840.0,0.7906,294.45,41.18
1607480.0,205000.0,0.7944,294.4,40.82
1607480.0,209160.0,0.7982,294.57,42.22
1607480.0,213320.0,0.802,294.84,44.46
1607480.0,217480.0,0.8058,295.24,47.83
1607480.0,221640.0,0.8096,295.59,50.83
1607480.0,225800.0,0.8135,295.89,53.28
1607480.0,229960.0,0.8174,296.25,56.34
1607480.0,234120.0,0.8213,296.44,57.95
1607480.0,238280.0,0.8248,296.69,60.05
1607480.0,242440.0,0.8284,296.97,62.42
1607480.0,246600.0,0.8325,297.19,64.26
1607480.0,250760.0,0.8366,297.53,67.07
1607480.0,254920.0,0.8408,297.81,69.47
1607480.0,259080.0,0.845,297.96,70.69
1607480.0,263240.0,0.8489,297.92,70.36
1607480.0,267400.0,0.8529,297.71,68.59
1607480.0,271560.0,0.8568,297.38,65.88
1607480.0,275720.0,0.8609,297.1,63.45
1607480.0,279880.0,0.8652,296.81,61.09
1607480.0,284040.0,0.8695,296.57,59.01
1607480.0,288200.0,0.8738,296.47,58.18
1607480.0,292360.0,0.878,296.52,58.65
1607480.0,296520.0,0.8822,296.74,60.47
1607480.0,300680.0,0.8862,296.99,62.58
1607480.0,304840.0,0.8902,297.18,64.18
1607480.0,309000.0,0.8943,297.25,64.78
1607480.0,313160.0,0.8984,297.05,63.08
1607480.0,317320.0,0.9028,296.7,60.14
1607480.0,321480.0,0.9072,296.19,55.86
1607480.0,325640.0,0.9119,295.57,50.6
1607480.0,329800.0,0.9167,295.09,46.62
1607480.0,333960.0,0.9212,294.77,43.89
1607480.0,338120.0,0.9258,294.84,44.49
1607480.0,342280.0,0.9301,295.0,45.85
1607480.0,346440.0,0.9343,294.97,45.59
1607480.0,350600.0,0.9388,294.88,44.85
1607480.0,354760.0,0.9434,294.31,40.03
1607480.0,358920.0,0.9481,293.54,33.53
1607480.0,363080.0,0.9528,292.61,25.71
1607480.0,367240.0,0.9574,291.5,16.35
1607480.0,371400.0,0.9619,290.75,10.12
1607480.0,375560.0,0.9667,290.06,4.26
1607480.0,379720.0,0.9716,289.67,0.96
1607480.0,383880.0,0.9765,289.6,0.41
1607480.0,388040.0,0.9813,289.56,0.07
1607480.0,392200.0,0.986,289.64,0.75
1607480.0,396360.0,0.9906,289.96,3.44
1607480.0,400520.0,0.9951,290.35,6.73
1607480.0,404680.0,1.0,290.81,10.57
1607480.0,408840.0,1.0051,291.45,16.0
1607480.0,413000.0,1.0101,291.96,20.24
1607480.0,417160.0,1.0151,292.35,23.56
1607480.0,421320.0,1.0202,292.48,24.62
1603320.0,138440.0,0.7374,295.88,53.23
1603320.0,142600.0,0.7408,295.87,53.18
1603320.0,146760.0,0.7442,295.84,52.87
1603320.0,150920.0,0.7476,295.79,52.48
1603320.0,155080.0,0.7511,295.66,51.36
1603320.0,159240.0,0.7545,295.5,50.05
1603320.0,163400.0,0.7579,295.33,48.63
1603320.0,167560.0,0.7616,295.15,47.09
1603320.0,171720.0,0.7652,295.04,46.2
1603320.0,175880.0,0.769,294.94,45.34
1603320.0,180040.0,0.7728,294.91,45.04
1603320.0,184200.0,0.7765,294.89,44.89
1603320.0,188360.0,0.7802,294.79,44.04
1603320.0,192520.0,0.7839,294.68,43.14
1603320.0,196680.0,0.7877,294.56,42.14
1603320.0,200840.0,0.7915,294.42,40.99
1603320.0,205000.0,0.7952,294.38,40.63
1603320.0,209160.0,0.7989,294.54,41.95
1603320.0,213320.0,0.8027,294.79,44.09
1603320.0,217480.0,0.8065,295.19,47.4
1603320.0,221640.0,0.8104,295.54,50.4
1603320.0,225800.0,0.8144,295.84,52.92
1603320.0,229960.0,0.8182,296.22,56.07
1603320.0,234120.0,0.8221,296.42,57.79
1603320.0,238280.0,0.8256,296.68,59.97
1603320.0,242440.0,0.829,296.96,62.34
1603320.0,246600.0,0.8332,297.18,64.15
1603320.0,250760.0,0.8374,297.51,66.92
1603320.0,254920.0,0.8416,297.79,69.26
1603320.0,259080.0,0.8457,297.93,70.5
1603320.0,263240.0,0.8497,297.91,70.3
1603320.0,267400.0,0.8536,297.72,68.71
1603320.0,271560.0,0.8575,297.41,66.13
1603320.0,275720.0,0.8615,297.13,63.71
1603320.0,279880.0,0.8659,296.85,61.38
1603320.0,284040.0,0.8703,296.62,59.45
1603320.0,288200.0,0.8746,296.54,58.78
1603320.0,292360.0,0.8788,296.61,59.37
1603320.0,296520.0,0.8828,296.82,61.17
1603320.0,300680.0,0.8868,297.08,63.29
1603320.0,304840.0,0.8909,297.28,65.03
1603320.0,309000.0,0.8952,297.37,65.8
1603320.0,313160.0,0.8995,297.2,64.32
1603320.0,317320.0,0.904,296.87,61.53
1603320.0,321480.0,0.9085,296.37,57.37
1603320.0,325640.0,0.913,295.77,52.28
1603320.0,329800.0,0.9176,295.31,48.4
1603320.0,333960.0,0.9221,294.98,45.69
1603320.0,338120.0,0.9266,295.04,46.18
1603320.0,342280.0,0.931,295.18,47.38
1603320.0,346440.0,0.9353,295.14,46.98
1603320.0,350600.0,0.9397,295.04,46.16
1603320.0,354760.0,0.9442,294.47,41.37
1603320.0,358920.0,0.949,293.72,35.02
1603320.0,363080.0,0.9537,292.81,27.39
1603320.0,367240.0,0.9583,291.71,18.18
1603320.0,371400.0,0.9629,290.98,11.99
1603320.0,375560.0,0.9674,290.28,6.1
1603320.0,379720.0,0.9722,289.87,2.66
1603320.0,383880.0,0.9773,289.79,1.97
1603320.0,388040.0,0.9823,289.74,1.56
1603320.0,392200.0,0.9871,289.82,2.27
1603320.0,396360.0,0.9917,290.15,5.03
1603320.0,400520.0,0.9961,290.55,8.43
1603320.0,404680.0,1.0009,291.02,12.36
1603320.0,408840.0,1.006,291.67,17.8
1603320.0,413000.0,1.0111,292.16,21.97
1603320.0,417160.0,1.0162,292.55,25.22
1603320.0,421320.0,1.0212,292.67,26.26
1599160.0,138440.0,0.7382,296.32,56.97
1599160.0,142600.0,0.7417,296.32,56.9
1599160.0,146760.0,0.7452,296.26,56.47
1599160.0,150920.0,0.7486,296.2,55.91
1599160.0,155080.0,0.7519,296.02,54.41
1599160.0,159240.0,0.7554,295.81,52.66
1599160.0,163400.0,0.7589,295.59,50.79
1599160.0,167560.0,0.7624,295.36,48.83
1599160.0,171720.0,0.766,295.23,47.75
1599160.0,175880.0,0.7697,295.11,46.73
1599160.0,180040.0,0.7734,295.07,46.45
1599160.0,184200.0,0.7771,295.06,46.29
1599160.0,188360.0,0.7808,294.9,45.01
1599160.0,192520.0,0.7846,294.73,43.53
1599160.0,196680.0,0.7884,294.55,42.02
1599160.0,200840.0,0.7922,294.4,40.76
1599160.0,205000.0,0.7959,294.36,40.48
1599160.0,209160.0,0.7997,294.5,41.62
1599160.0,213320.0,0.8035,294.72,43.5
1599160.0,217480.0,0.8073,295.09,46.61
1599160.0,221640.0,0.8112,295.45,49.57
1599160.0,225800.0,0.8152,295.76,52.18
1599160.0,229960.0,0.819,296.15,55.51
1599160.0,234120.0,0.8229,296.38,57.42
1599160.0,238280.0,0.8265,296.66,59.75
1599160.0,242440.0,0.8302,296.94,62.13
1599160.0,246600.0,0.8341,297.14,63.84
1599160.0,250760.0,0.838,297.46,66.53
1599160.0,254920.0,0.8423,297.73,68.76
1599160.0,259080.0,0.8465,297.88,70.06
1599160.0,263240.0,0.8506,297.9,70.19
1599160.0,267400.0,0.8546,297.75,68.98
1599160.0,271560.0,0.8584,297.48,66.66
1599160.0,275720.0,0.8624,297.18,64.19
1599160.0,279880.0,0.8668,296.91,61.88
1599160.0,284040.0,0.8711,296.72,60.29
1599160.0,288200.0,0.8754,296.69,60.01
1599160.0,292360.0,0.8796,296.79,60.89
1599160.0,296520.0,0.8837,297.0,62.66
1599160.0,300680.0,0.8877,297.26,64.81
1599160.0,304840.0,0.8917,297.51,66.93
1599160.0,309000.0,0.896,297.65,68.14
1599160.0,313160.0,0.9006,297.53,67.14
1599160.0,317320.0,0.905,297.23,64.61
1599160.0,321480.0,0.9094,296.76,60.64
1599160.0,325640.0,0.9139,296.19,55.84
1599160.0,329800.0,0.9183,295.75,52.15
1599160.0,333960.0,0.9229,295.43,49.44
1599160.0,338120.0,0.9275,295.46,49.72
1599160.0,342280.0,0.9319,295.57,50.62
1599160.0,346440.0,0.9363,295.49,49.95
1599160.0,350600.0,0.9406,295.38,48.98
1599160.0,354760.0,0.9449,294.81,44.25
1599160.0,358920.0,0.9497,294.09,38.19
1599160.0,363080.0,0.9545,293.23,30.91
1599160.0,367240.0,0.9591,292.15,21.89
1599160.0,371400.0,0.9637,291.42,15.73
1599160.0,375560.0,0.9683,290.7,9.65
1599160.0,379720.0,0.973,290.25,5.85
1599160.0,383880.0,0.9782,290.12,4.79
1599160.0,388040.0,0.9833,290.05,4.22
1599160.0,392200.0,0.9881,290.15,5.0
1599160.0,396360.0,0.9928,290.5,7.98
1599160.0,400520.0,0.9972,290.94,11.67
1599160.0,404680.0,1.002,291.44,15.87
1599160.0,408840.0,1.007,292.1,21.43
1599160.0,413000.0,1.012,292.59,25.53
1599160.0,417160.0,1.0171,292.96,28.67
1599160.0,421320.0,1.0222,293.08,29.7
1595000.0,138440.0,0.739,296.84,61.31
1595000.0,142600.0,0.7425,296.83,61.23
1595000.0,146760.0,0.746,296.76,60.63
1595000.0,150920.0,0.7493,296.67,59.88
1595000.0,155080.0,0.7527,296.43,57.89
1595000.0,159240.0,0.7562,296.16,55.58
1595000.0,163400.0,0.7597,295.87,53.16
1595000.0,167560.0,0.7631,295.58,50.69
1595000.0,171720.0,0.7667,295.42,49.4
1595000.0,175880.0,0.7703,295.29,48.24
1595000.0,180040.0,0.774,295.27,48.1
1595000.0,184200.0,0.7778,295.26,48.02
1595000.0,188360.0,0.7816,295.05,46.28
1595000.0,192520.0,0.7854,294.79,44.1
1595000.0,196680.0,0.7891,294.54,42.0
1595000.0,200840.0,0.7928,294.39,40.67
1595000.0,205000.0,0.7966,294.37,40.51
1595000.0,209160.0,0.8004,294.48,41.45
1595000.0,213320.0,0.8043,294.66,42.99
1595000.0,217480.0,0.8082,295.0,45.82
1595000.0,221640.0,0.8121,295.34,48.68
1595000.0,225800.0,0.816,295.66,51.36
1595000.0,229960.0,0.8199,296.07,54.83
1595000.0,234120.0,0.8237,296.32,56.96
1595000.0,238280.0,0.8273,296.62,59.45
1595000.0,242440.0,0.8308,296.9,61.81
1595000.0,246600.0,0.8349,297.09,63.42
1595000.0,250760.0,0.8389,297.4,66.01
1595000.0,254920.0,0.8432,297.65,68.14
1595000.0,259080.0,0.8474,297.82,69.53
1595000.0,263240.0,0.8514,297.88,70.05
1595000.0,267400.0,0.8554,297.79,69.32
1595000.0,271560.0,0.8592,297.55,67.29
1595000.0,275720.0,0.8631,297.24,64.7
1595000.0,279880.0,0.8675,296.97,62.37
1595000.0,284040.0,0.8718,296.82,61.18
1595000.0,288200.0,0.8762,296.85,61.39
1595000.0,292360.0,0.8805,297.0,62.66
1595000.0,296520.0,0.8845,297.21,64.39
1595000.0,300680.0,0.8886,297.47,66.61
1595000.0,304840.0,0.8926,297.78,69.23
1595000.0,309000.0,0.897,298.0,71.04
1595000.0,313160.0,0.9017,297.95,70.63
1595000.0,317320.0,0.906,297.68,68.34
1595000.0,321480.0,0.9102,297.22,64.52
1595000.0,325640.0,0.9146,296.68,59.99
1595000.0,329800.0,0.9191,296.27,56.49
1595000.0,333960.0,0.9237,295.94,53.77
1595000.0,338120.0,0.9282,295.95,53.82
1595000.0,342280.0,0.9328,296.02,54.41
1595000.0,346440.0,0.9373,295.91,53.46
1595000.0,350600.0,0.9417,295.77,52.33
1595000.0,354760.0,0.9461,295.22,47.65
1595000.0,358920.0,0.9507,294.53,41.9
1595000.0,363080.0,0.9553,293.71,34.96
1595000.0,367240.0,0.9599,292.65,26.1
1595000.0,371400.0,0.9646,291.92,19.88
1595000.0,375560.0,0.9694,291.16,13.5
1595000.0,379720.0,0.9742,290.65,9.2
1595000.0,383880.0,0.9792,290.46,7.67
1595000.0,388040.0,0.9842,290.37,6.88
1595000.0,392200.0,0.989,290.47,7.76
1595000.0,396360.0,0.9938,290.86,11.04
1595000.0,400520.0,0.9985,291.35,15.13
1595000.0,404680.0,1.0032,291.89,19.7
1595000.0,408840.0,1.0078,292.58,25.51
1595000.0,413000.0,1.0128,293.07,29.58
1595000.0,417160.0,1.0179,293.44,32.67
1595000.0,421320.0,1.0232,293.56,33.7
1590840.0,138440.0,0.7396,297.42,66.17
1590840.0,142600.0,0.7431,297.41,66.06
1590840.0,146760.0,0.7466,297.32,65.31
1590840.0,150920.0,0.7498,297.2,64.35
1590840.0,155080.0,0.7531,296.91,61.87
1590840.0,159240.0,0.7567,296.57,59.01
1590840.0,163400.0,0.7603,296.21,56.03
1590840.0,167560.0,0.7638,295.85,53.02
1590840.0,171720.0,0.7674,295.67,51.47
1590840.0,175880.0,0.7711,295.5,50.08
1590840.0,180040.0,0.7748,295.49,49.93
1590840.0,184200.0,0.7785,295.47,49.81
1590840.0,188360.0,0.7823,295.2,47.49
1590840.0,192520.0,0.7862,294.85,44.57
1590840.0,196680.0,0.7899,294.52,41.81
1590840.0,200840.0,0.7936,294.35,40.32
1590840.0,205000.0,0.7974,294.33,40.23
1590840.0,209160.0,0.8014,294.42,40.93
1590840.0,213320.0,0.8052,294.56,42.16
1590840.0,217480.0,0.8091,294.87,44.76
1590840.0,221640.0,0.813,295.21,47.58
1590840.0,225800.0,0.8169,295.54,50.39
1590840.0,229960.0,0.8207,295.98,54.1
1590840.0,234120.0,0.8246,296.27,56.49
1590840.0,238280.0,0.8283,296.59,59.17
1590840.0,242440.0,0.832,296.87,61.55
1590840.0,246600.0,0.8358,297.05,63.05
1590840.0,250760.0,0.8396,297.34,65.52
1590840.0,254920.0,0.8439,297.58,67.51
1590840.0,259080.0,0.8482,297.75,68.97
1590840.0,263240.0,0.8521,297.86,69.9
1590840.0,267400.0,0.8561,297.83,69.66
1590840.0,271560.0,0.8599,297.63,67.98
1590840.0,275720.0,0.8639,297.32,65.34
1590840.0,279880.0,0.8683,297.05,63.06
1590840.0,284040.0,0.8727,296.96,62.29
1590840.0,288200.0,0.877,297.04,63.0
1590840.0,292360.0,0.8812,297.24,64.64
1590840.0,296520.0,0.8854,297.44,66.32
1590840.0,300680.0,0.8895,297.7,68.57
1590840.0,304840.0,0.8935,298.07,71.66
1590840.0,309000.0,0.8979,298.35,74.01
1590840.0,313160.0,0.9024,298.38,74.22
1590840.0,317320.0,0.9068,298.14,72.28
1590840.0,321480.0,0.9113,297.72,68.73
1590840.0,325640.0,0.9157,297.23,64.6
1590840.0,329800.0,0.92,296.85,61.35
1590840.0,333960.0,0.9245,296.52,58.64
1590840.0,338120.0,0.9291,296.5,58.42
1590840.0,342280.0,0.9337,296.52,58.6
1590840.0,346440.0,0.9382,296.37,57.31
1590840.0,350600.0,0.9428,296.21,55.97
1590840.0,354760.0,0.9473,295.66,51.37
1590840.0,358920.0,0.9517,295.02,46.01
1590840.0,363080.0,0.9562,294.25,39.54
1590840.0,367240.0,0.9608,293.23,30.96
1590840.0,371400.0,0.9655,292.5,24.8
1590840.0,375560.0,0.9703,291.72,18.22
1590840.0,379720.0,0.9752,291.15,13.47
1590840.0,383880.0,0.98,290.92,11.48
1590840.0,388040.0,0.9849,290.8,10.49
1590840.0,392200.0,0.9899,290.91,11.46
1590840.0,396360.0,0.9948,291.34,15.01
1590840.0,400520.0,0.9996,291.86,19.45
1590840.0,404680.0,1.0042,292.45,24.35
1590840.0,408840.0,1.0087,293.15,30.28
1590840.0,413000.0,1.0137,293.62,34.23
1590840.0,417160.0,1.0189,293.97,37.17
1590840.0,421320.0,1.0242,294.09,38.18
1586680.0,138440.0,0.7402,298.05,71.47
1586680.0,142600.0,0.7437,298.03,71.34
1586680.0,146760.0,0.7471,297.93,70.44
1586680.0,150920.0,0.7504,297.79,69.31
1586680.0,155080.0,0.7538,297.45,66.43
1586680.0,159240.0,0.7574,297.06,63.15
1586680.0,163400.0,0.7611,296.65,59.71
1586680.0,167560.0,0.7647,296.23,56.18
1586680.0,171720.0,0.7683,296.01,54.33
1586680.0,175880.0,0.772,295.79,52.45
1586680.0,180040.0,0.7757,295.72,51.91
1586680.0,184200.0,0.7793,295.66,51.36
1586680.0,188360.0,0.7831,295.29,48.25
1586680.0,192520.0,0.787,294.86,44.63
1586680.0,196680.0,0.7908,294.45,41.18
1586680.0,200840.0,0.7946,294.23,39.33
1586680.0,205000.0,0.7984,294.2,39.12
1586680.0,209160.0,0.8023,294.25,39.56
1586680.0,213320.0,0.8062,294.38,40.61
1586680.0,217480.0,0.81,294.69,43.18
1586680.0,221640.0,0.8138,295.04,46.14
1586680.0,225800.0,0.8176,295.4,49.22
1586680.0,229960.0,0.8215,295.89,53.33
1586680.0,234120.0,0.8255,296.22,56.1
1586680.0,238280.0,0.8293,296.57,59.05
1586680.0,242440.0,0.8331,296.86,61.5
1586680.0,246600.0,0.8369,297.03,62.87
1586680.0,250760.0,0.8407,297.3,65.21
1586680.0,254920.0,0.845,297.52,67.01
1586680.0,259080.0,0.8492,297.69,68.48
1586680.0,263240.0,0.8531,297.84,69.73
1586680.0,267400.0,0.8569,297.87,69.94
1586680.0,271560.0,0.8608,297.72,68.71
1586680.0,275720.0,0.8649,297.43,66.23
1586680.0,279880.0,0.8692,297.18,64.16
1586680.0,284040.0,0.8735,297.14,63.82
1586680.0,288200.0,0.8777,297.27,64.88
1586680.0,292360.0,0.8819,297.49,66.77
1586680.0,296520.0,0.8862,297.68,68.38
1586680.0,300680.0,0.8904,297.95,70.61
1586680.0,304840.0,0.8945,298.34,73.92
1586680.0,309000.0,0.8988,298.66,76.57
1586680.0,313160.0,0.9033,298.75,77.37
1586680.0,317320.0,0.9079,298.58,75.98
1586680.0,321480.0,0.9125,298.23,73.0
1586680.0,325640.0,0.9168,297.82,69.53
1586680.0,329800.0,0.9211,297.48,66.68
1586680.0,333960.0,0.9254,297.16,64.03
1586680.0,338120.0,0.9298,297.09,63.43
1586680.0,342280.0,0.9345,297.05,63.06
1586680.0,346440.0,0.9391,296.84,61.3
1586680.0,350600.0,0.9437,296.65,59.69
1586680.0,354760.0,0.9483,296.12,55.21
1586680.0,358920.0,0.9526,295.54,50.38
1586680.0,363080.0,0.957,294.85,44.61
1586680.0,367240.0,0.9617,293.91,36.66
1586680.0,371400.0,0.9665,293.22,30.83
1586680.0,375560.0,0.9712,292.45,24.39
1586680.0,379720.0,0.976,291.86,19.46
1586680.0,383880.0,0.9809,291.59,17.15
1586680.0,388040.0,0.9858,291.46,16.02
1586680.0,392200.0,0.9908,291.58,17.03
1586680.0,396360.0,0.9957,292.01,20.68
1586680.0,400520.0,1.0005,292.56,25.29
1586680.0,404680.0,1.0052,293.15,30.29
1586680.0,408840.0,1.0099,293.83,36.02
1586680.0,413000.0,1.0147,294.26,39.56
1586680.0,417160.0,1.0198,294.56,42.14
1586680.0,421320.0,1.025,294.67,43.06
1582520.0,167560.0,0.7657,296.66,59.83
1582520.0,171720.0,0.7693,296.41,57.65
1582520.0,175880.0,0.7729,296.09,55.0
1582520.0,180040.0,0.7766,295.92,53.58
1582520.0,184200.0,0.7803,295.75,52.13
1582520.0,188360.0,0.7841,295.26,48.03
1582520.0,192520.0,0.7878,294.77,43.91
1582520.0,196680.0,0.7915,294.29,39.82
1582520.0,200840.0,0.7954,293.99,37.31
1582520.0,205000.0,0.7992,293.91,36.7
1582520.0,209160.0,0.8031,293.94,36.92
1582520.0,213320.0,0.8069,294.08,38.05
1582520.0,217480.0,0.8107,294.42,40.98
1582520.0,221640.0,0.8146,294.82,44.35
1582520.0,225800.0,0.8185,295.25,47.9
1582520.0,229960.0,0.8224,295.81,52.65
1582520.0,234120.0,0.8263,296.2,55.88
1582520.0,238280.0,0.8302,296.59,59.21
1582520.0,242440.0,0.8341,296.9,61.8
1582520.0,246600.0,0.8379,297.05,63.09
1582520.0,250760.0,0.8417,297.31,65.3
1582520.0,254920.0,0.8458,297.5,66.89
1582520.0,259080.0,0.8499,297.67,68.3
1582520.0,263240.0,0.8539,297.84,69.7
1582520.0,267400.0,0.8579,297.9,70.21
1582520.0,271560.0,0.8617,297.81,69.46
1582520.0,275720.0,0.8657,297.57,67.41
1582520.0,279880.0,0.8702,297.37,65.75
1582520.0,284040.0,0.8745,297.37,65.75
1582520.0,288200.0,0.8786,297.51,66.94
1582520.0,292360.0,0.8828,297.74,68.89
1582520.0,296520.0,0.8873,297.92,70.42
1582520.0,300680.0,0.8916,298.17,72.52
1582520.0,304840.0,0.8957,298.55,75.67
1582520.0,309000.0,0.9,298.85,78.19
1582520.0,313160.0,0.9044,298.99,79.38
1582520.0,317320.0,0.9089,298.91,78.71
1582520.0,321480.0,0.9135,298.66,76.61
1582520.0,325640.0,0.9178,298.35,74.01
1582520.0,329800.0,0.9221,298.07,71.67
1582520.0,333960.0,0.9264,297.77,69.11
1582520.0,338120.0,0.9306,297.64,68.08
1582520.0,342280.0,0.9353,297.52,67.04
1582520.0,346440.0,0.9401,297.25,64.75
1582520.0,350600.0,0.9446,297.02,62.84
1582520.0,354760.0,0.9492,296.52,58.57
1582520.0,358920.0,0.9536,296.02,54.38
1582520.0,363080.0,0.9581,295.44,49.53
1582520.0,367240.0,0.9628,294.61,42.56
1582520.0,371400.0,0.9675,294.0,37.39
1582520.0,375560.0,0.9722,293.29,31.46
1582520.0,379720.0,0.977,292.73,26.72
1582520.0,383880.0,0.9818,292.44,24.31
1582520.0,388040.0,0.9867,292.3,23.15
1582520.0,392200.0,0.9918,292.42,24.11
1582520.0,396360.0,0.9967,292.83,27.6
1582520.0,400520.0,1.0015,293.36,32.07
1582520.0,404680.0,1.0063,293.93,36.84
1582520.0,408840.0,1.0111,294.54,41.94
1582520.0,413000.0,1.0159,294.88,44.78
1582520.0,417160.0,1.0207,295.11,46.77
1582520.0,421320.0,1.026,295.2,47.52
1578360.0,167560.0,0.7664,296.99,62.54
1578360.0,171720.0,0.7701,296.7,60.1
1578360.0,175880.0,0.7738,296.29,56.65
1578360.0,180040.0,0.7774,295.99,54.16
1578360.0,184200.0,0.7811,295.69,51.66
1578360.0,188360.0,0.7848,295.1,46.7
1578360.0,192520.0,0.7885,294.59,42.37
1578360.0,196680.0,0.7922,294.05,37.86
1578360.0,200840.0,0.7961,293.66,34.58
1578360.0,205000.0,0.8,293.52,33.4
1578360.0,209160.0,0.8038,293.54,33.51
1578360.0,213320.0,0.8076,293.72,35.03
1578360.0,217480.0,0.8114,294.15,38.65
1578360.0,221640.0,0.8154,294.62,42.64
1578360.0,225800.0,0.8193,295.11,46.76
1578360.0,229960.0,0.8232,295.76,52.22
1578360.0,234120.0,0.8271,296.2,55.92
1578360.0,238280.0,0.831,296.64,59.61
1578360.0,242440.0,0.835,296.97,62.43
1578360.0,246600.0,0.8389,297.13,63.71
1578360.0,250760.0,0.8428,297.38,65.88
1578360.0,254920.0,0.8468,297.56,67.35
1578360.0,259080.0,0.8509,297.71,68.66
1578360.0,263240.0,0.8549,297.88,70.02
1578360.0,267400.0,0.8588,297.94,70.58
1578360.0,271560.0,0.8627,297.89,70.18
1578360.0,275720.0,0.8668,297.71,68.64
1578360.0,279880.0,0.871,297.57,67.45
1578360.0,284040.0,0.8753,297.59,67.61
1578360.0,288200.0,0.8796,297.72,68.69
1578360.0,292360.0,0.8839,297.94,70.52
1578360.0,296520.0,0.8883,298.11,72.02
1578360.0,300680.0,0.8926,298.34,73.96
1578360.0,304840.0,0.8967,298.66,76.61
1578360.0,309000.0,0.901,298.9,78.63
1578360.0,313160.0,0.9054,299.05,79.86
1578360.0,317320.0,0.9099,299.04,79.81
1578360.0,321480.0,0.9143,298.89,78.54
1578360.0,325640.0,0.9187,298.66,76.66
1578360.0,329800.0,0.923,298.43,74.72
1578360.0,333960.0,0.9273,298.14,72.22
1578360.0,338120.0,0.9316,297.97,70.81
1578360.0,342280.0,0.9363,297.78,69.24
1578360.0,346440.0,0.941,297.46,66.55
1578360.0,350600.0,0.9456,297.21,64.46
1578360.0,354760.0,0.9501,296.74,60.47
1578360.0,358920.0,0.9547,296.31,56.88
1578360.0,363080.0,0.9592,295.84,52.85
1578360.0,367240.0,0.9638,295.12,46.85
1578360.0,371400.0,0.9684,294.58,42.32
1578360.0,375560.0,0.9732,293.95,37.02
1578360.0,379720.0,0.978,293.43,32.66
1578360.0,383880.0,0.9828,293.16,30.34
1578360.0,388040.0,0.9877,293.02,29.18
1578360.0,392200.0,0.9927,293.12,30.0
1578360.0,396360.0,0.9976,293.49,33.12
1578360.0,400520.0,1.0024,293.98,37.23
1578360.0,404680.0,1.0072,294.49,41.56
1578360.0,408840.0,1.0121,295.01,45.88
1578360.0,413000.0,1.017,295.26,48.01
1578360.0,417160.0,1.022,295.43,49.42
1578360.0,421320.0,1.0272,295.49,49.99
1574200.0,167560.0,0.7672,297.28,65.01
1574200.0,171720.0,0.7708,296.97,62.36
1574200.0,175880.0,0.7745,296.46,58.13
1574200.0,180040.0,0.7782,296.03,54.53
1574200.0,184200.0,0.7819,295.61,50.93
1574200.0,188360.0,0.7856,294.93,45.23
1574200.0,192520.0,0.7893,294.41,40.88
1574200.0,196680.0,0.793,293.84,36.11
1574200.0,200840.0,0.7969,293.37,32.11
1574200.0,205000.0,0.8007,293.16,30.33
1574200.0,209160.0,0.8045,293.16,30.38
1574200.0,213320.0,0.8083,293.39,32.33
1574200.0,217480.0,0.8122,293.91,36.65
1574200.0,221640.0,0.8162,294.45,41.24
1574200.0,225800.0,0.8201,295.01,45.87
1574200.0,229960.0,0.824,295.73,51.98
1574200.0,234120.0,0.8279,296.22,56.06
1574200.0,238280.0,0.8318,296.69,60.06
1574200.0,242440.0,0.8357,297.05,63.09
1574200.0,246600.0,0.8397,297.21,64.38
1574200.0,250760.0,0.8437,297.46,66.5
1574200.0,254920.0,0.8478,297.62,67.85
1574200.0,259080.0,0.8518,297.76,69.02
1574200.0,263240.0,0.8559,297.9,70.23
1574200.0,267400.0,0.86,297.96,70.73
1574200.0,271560.0,0.864,297.95,70.62
1574200.0,275720.0,0.868,297.83,69.67
1574200.0,279880.0,0.8719,297.75,68.95
1574200.0,284040.0,0.8761,297.78,69.17
1574200.0,288200.0,0.8807,297.87,70.0
1574200.0,292360.0,0.8851,298.06,71.6
1574200.0,296520.0,0.8893,298.24,73.05
1574200.0,300680.0,0.8935,298.44,74.8
1574200.0,304840.0,0.8976,298.69,76.84
1574200.0,309000.0,0.902,298.85,78.21
1574200.0,313160.0,0.9065,298.99,79.36
1574200.0,317320.0,0.9108,299.05,79.9
1574200.0,321480.0,0.9152,299.0,79.49
1574200.0,325640.0,0.9194,298.86,78.32
1574200.0,329800.0,0.9237,298.68,76.77
1574200.0,333960.0,0.9281,298.39,74.36
1574200.0,338120.0,0.9325,298.19,72.63
1574200.0,342280.0,0.9373,297.94,70.59
1574200.0,346440.0,0.942,297.58,67.54
1574200.0,350600.0,0.9465,297.31,65.27
1574200.0,354760.0,0.951,296.86,61.52
1574200.0,358920.0,0.9556,296.5,58.42
1574200.0,363080.0,0.9603,296.11,55.16
1574200.0,367240.0,0.9648,295.51,50.12
1574200.0,371400.0,0.9695,295.06,46.32
1574200.0,375560.0,0.9742,294.52,41.81
1574200.0,379720.0,0.979,294.07,38.02
1574200.0,383880.0,0.9839,293.82,35.94
1574200.0,388040.0,0.9887,293.7,34.88
1574200.0,392200.0,0.9936,293.78,35.56
1574200.0,396360.0,0.9985,294.1,38.23
1574200.0,400520.0,1.0032,294.53,41.86
1574200.0,404680.0,1.008,294.98,45.64
1574200.0,408840.0,1.0129,295.39,49.07
1574200.0,413000.0,1.018,295.55,50.44
1574200.0,417160.0,1.0231,295.64,51.25
1574200.0,421320.0,1.0283,295.69,51.64
1570040.0,167560.0,0.7682,297.64,68.04
1570040.0,171720.0,0.7717,297.31,65.26
1570040.0,175880.0,0.7753,296.72,60.33
1570040.0,180040.0,0.7789,296.17,55.65
1570040.0,184200.0,0.7827,295.62,51.01
1570040.0,188360.0,0.7864,294.86,44.64
1570040.0,192520.0,0.79,294.35,40.33
1570040.0,196680.0,0.7937,293.76,35.41
1570040.0,200840.0,0.7976,293.22,30.88
1570040.0,205000.0,0.8014,292.96,28.65
1570040.0,209160.0,0.8053,292.95,28.56
1570040.0,213320.0,0.8091,293.2,30.71
1570040.0,217480.0,0.8129,293.76,35.43
1570040.0,221640.0,0.8169,294.35,40.35
1570040.0,225800.0,0.8208,294.94,45.3
1570040.0,229960.0,0.8248,295.71,51.81
1570040.0,234120.0,0.8287,296.23,56.17
1570040.0,238280.0,0.8326,296.73,60.36
1570040.0,242440.0,0.8364,297.1,63.48
1570040.0,246600.0,0.8405,297.25,64.71
1570040.0,250760.0,0.8445,297.48,66.68
1570040.0,254920.0,0.8487,297.61,67.82
1570040.0,259080.0,0.8528,297.73,68.8
1570040.0,263240.0,0.8568,297.86,69.84
1570040.0,267400.0,0.8609,297.91,70.31
1570040.0,271560.0,0.865,297.94,70.54
1570040.0,275720.0,0.8691,297.9,70.2
1570040.0,279880.0,0.8731,297.87,69.98
1570040.0,284040.0,0.8772,297.9,70.23
1570040.0,288200.0,0.8816,297.96,70.76
1570040.0,292360.0,0.886,298.12,72.06
1570040.0,296520.0,0.8903,298.28,73.41
1570040.0,300680.0,0.8945,298.46,74.96
1570040.0,304840.0,0.8987,298.64,76.44
1570040.0,309000.0,0.903,298.74,77.28
1570040.0,313160.0,0.9074,298.88,78.5
1570040.0,317320.0,0.9118,299.03,79.72
1570040.0,321480.0,0.9161,299.09,80.26
1570040.0,325640.0,0.9204,299.06,79.96
1570040.0,329800.0,0.9246,298.94,78.95
1570040.0,333960.0,0.9291,298.67,76.73
1570040.0,338120.0,0.9335,298.43,74.7
1570040.0,342280.0,0.9383,298.13,72.13
1570040.0,346440.0,0.9431,297.71,68.64
1570040.0,350600.0,0.9476,297.41,66.08
1570040.0,354760.0,0.9521,296.97,62.42
1570040.0,358920.0,0.9566,296.65,59.7
1570040.0,363080.0,0.9612,296.34,57.14
1570040.0,367240.0,0.9659,295.87,53.16
1570040.0,371400.0,0.9706,295.53,50.26
1570040.0,375560.0,0.9753,295.11,46.78
1570040.0,379720.0,0.9801,294.75,43.75
1570040.0,383880.0,0.9849,294.55,42.06
1570040.0,388040.0,0.9898,294.46,41.26
1570040.0,392200.0,0.9946,294.53,41.87
1570040.0,396360.0,0.9994,294.8,44.14
1570040.0,400520.0,1.0041,295.17,47.3
1570040.0,404680.0,1.0089,295.55,50.47
1570040.0,408840.0,1.0138,295.85,52.94
1570040.0,413000.0,1.0188,295.91,53.46
1570040.0,417160.0,1.0241,295.92,53.6
1570040.0,421320.0,1.0293,295.95,53.78
1565880.0,196680.0,0.7946,293.86,36.25
1565880.0,200840.0,0.7984,293.3,31.55
1565880.0,205000.0,0.8021,293.02,29.16
1565880.0,209160.0,0.8058,292.97,28.79
1565880.0,213320.0,0.8097,293.2,30.73
1565880.0,217480.0,0.8137,293.74,35.26
1565880.0,221640.0,0.8177,294.32,40.11
1565880.0,225800.0,0.8216,294.91,45.09
1565880.0,229960.0,0.8255,295.7,51.68
1565880.0,234120.0,0.8294,296.23,56.17
1565880.0,238280.0,0.8333,296.73,60.41
1565880.0,242440.0,0.8372,297.09,63.45
1565880.0,246600.0,0.8413,297.22,64.49
1565880.0,250760.0,0.8454,297.41,66.11
1565880.0,254920.0,0.8495,297.51,66.91
1565880.0,259080.0,0.8536,297.59,67.63
1565880.0,263240.0,0.8577,297.7,68.55
1565880.0,267400.0,0.8618,297.77,69.12
1565880.0,271560.0,0.866,297.84,69.76
1565880.0,275720.0,0.8701,297.87,70.0
1565880.0,279880.0,0.8743,297.9,70.25
1565880.0,284040.0,0.8784,297.94,70.59
1565880.0,288200.0,0.8825,297.98,70.87
1565880.0,292360.0,0.8868,298.1,71.87
1565880.0,296520.0,0.8911,298.23,73.01
1565880.0,300680.0,0.8954,298.39,74.34
1565880.0,304840.0,0.8997,298.53,75.48
1565880.0,309000.0,0.9039,298.6,76.09
1565880.0,313160.0,0.9082,298.79,77.69
1565880.0,317320.0,0.9127,299.03,79.71
1565880.0,321480.0,0.9173,299.22,81.32
1565880.0,325640.0,0.9215,299.32,82.15
1565880.0,329800.0,0.9256,299.29,81.88
1565880.0,333960.0,0.9301,299.06,80.0
1565880.0,338120.0,0.9346,298.79,77.7
1565880.0,342280.0,0.9394,298.41,74.5
1565880.0,346440.0,0.9442,297.92,70.38
1565880.0,350600.0,0.9487,297.56,67.34
1565880.0,354760.0,0.9532,297.11,63.57
1565880.0,358920.0,0.9578,296.8,61.01
1565880.0,363080.0,0.9623,296.57,59.06
1565880.0,367240.0,0.967,296.23,56.2
1565880.0,371400.0,0.9717,296.02,54.4
1565880.0,375560.0,0.9764,295.76,52.2
1565880.0,379720.0,0.9812,295.51,50.08
1565880.0,383880.0,0.9859,295.37,48.91
1565880.0,388040.0,0.9907,295.33,48.57
1565880.0,392200.0,0.9955,295.41,49.26
1565880.0,396360.0,1.0003,295.65,51.26
1565880.0,400520.0,1.0051,295.98,54.07
1565880.0,404680.0,1.0099,296.29,56.66
1565880.0,408840.0,1.0147,296.47,58.16
1565880.0,413000.0,1.0198,296.42,57.78
1565880.0,417160.0,1.0251,296.35,57.18
1565880.0,421320.0,1.0303,296.34,57.14
1561720.0,196680.0,0.7955,294.0,37.38
1561720.0,200840.0,0.7992,293.46,32.91
1561720.0,205000.0,0.8029,293.21,30.73
1561720.0,209160.0,0.8066,293.14,30.17
1561720.0,213320.0,0.8105,293.31,31.65
1561720.0,217480.0,0.8145,293.8,35.7
1561720.0,221640.0,0.8184,294.34,40.3
1561720.0,225800.0,0.8224,294.93,45.22
1561720.0,229960.0,0.8264,295.7,51.75
1561720.0,234120.0,0.8304,296.24,56.3
1561720.0,238280.0,0.8343,296.74,60.5
1561720.0,242440.0,0.8382,297.09,63.38
1561720.0,246600.0,0.8423,297.19,64.21
1561720.0,250760.0,0.8463,297.33,65.45
1561720.0,254920.0,0.8504,297.38,65.87
1561720.0,259080.0,0.8545,297.43,66.29
1561720.0,263240.0,0.8586,297.52,67.07
1561720.0,267400.0,0.8627,297.6,67.7
1561720.0,271560.0,0.8669,297.7,68.58
1561720.0,275720.0,0.8711,297.78,69.18
1561720.0,279880.0,0.8752,297.84,69.74
1561720.0,284040.0,0.8794,297.89,70.15
1561720.0,288200.0,0.8834,297.91,70.31
1561720.0,292360.0,0.8876,298.0,71.07
1561720.0,296520.0,0.8919,298.1,71.93
1561720.0,300680.0,0.8963,298.23,73.01
1561720.0,304840.0,0.9007,298.34,73.95
1561720.0,309000.0,0.905,298.41,74.51
1561720.0,313160.0,0.9093,298.64,76.47
1561720.0,317320.0,0.9138,298.95,79.02
1561720.0,321480.0,0.9183,299.23,81.39
1561720.0,325640.0,0.9226,299.45,83.22
1561720.0,329800.0,0.9268,299.51,83.74
1561720.0,333960.0,0.9312,299.33,82.26
1561720.0,338120.0,0.9356,299.03,79.76
1561720.0,342280.0,0.9404,298.59,76.0
1561720.0,346440.0,0.9452,298.03,71.32
1561720.0,350600.0,0.9498,297.62,67.83
1561720.0,354760.0,0.9544,297.13,63.73
1561720.0,358920.0,0.9589,296.8,60.99
1561720.0,363080.0,0.9634,296.59,59.24
1561720.0,367240.0,0.9681,296.35,57.15
1561720.0,371400.0,0.9728,296.24,56.28
1561720.0,375560.0,0.9773,296.12,55.23
1561720.0,379720.0,0.982,295.97,53.97
1561720.0,383880.0,0.9867,295.89,53.35
1561720.0,388040.0,0.9915,295.92,53.55
1561720.0,392200.0,0.9964,296.02,54.41
1561720.0,396360.0,1.0012,296.25,56.3
1561720.0,400520.0,1.006,296.55,58.83
1561720.0,404680.0,1.0109,296.8,60.95
1561720.0,408840.0,1.0158,296.89,61.75
1561720.0,413000.0,1.0209,296.78,60.77
1561720.0,417160.0,1.0262,296.65,59.68
1561720.0,421320.0,1.0314,296.62,59.49
1557560.0,196680.0,0.7964,294.23,39.37
1557560.0,200840.0,0.8001,293.76,35.38
1557560.0,205000.0,0.8038,293.55,33.61
1557560.0,209160.0,0.8076,293.46,32.85
1557560.0,213320.0,0.8115,293.56,33.71
1557560.0,217480.0,0.8153,293.95,37.0
1557560.0,221640.0,0.8192,294.44,41.11
1557560.0,225800.0,0.8231,294.99,45.74
1557560.0,229960.0,0.8271,295.73,51.94
1557560.0,234120.0,0.8311,296.25,56.37
1557560.0,238280.0,0.8351,296.73,60.39
1557560.0,242440.0,0.839,297.05,63.04
1557560.0,246600.0,0.8431,297.12,63.64
1557560.0,250760.0,0.8472,297.22,64.49
1557560.0,254920.0,0.8513,297.23,64.56
1557560.0,259080.0,0.8554,297.24,64.71
1557560.0,263240.0,0.8595,297.32,65.38
1557560.0,267400.0,0.8636,297.41,66.08
1557560.0,271560.0,0.8678,297.53,67.12
1557560.0,275720.0,0.8719,297.63,67.93
1557560.0,279880.0,0.8761,297.71,68.66
1557560.0,284040.0,0.8803,297.77,69.1
1557560.0,288200.0,0.8843,297.77,69.17
1557560.0,292360.0,0.8885,297.84,69.72
1557560.0,296520.0,0.8927,297.91,70.31
1557560.0,300680.0,0.8971,298.02,71.2
1557560.0,304840.0,0.9016,298.13,72.13
1557560.0,309000.0,0.906,298.21,72.84
1557560.0,313160.0,0.9104,298.49,75.2
1557560.0,317320.0,0.9148,298.84,78.13
1557560.0,321480.0,0.9193,299.18,81.02
1557560.0,325640.0,0.9237,299.5,83.66
1557560.0,329800.0,0.928,299.64,84.84
1557560.0,333960.0,0.9323,299.51,83.75
1557560.0,338120.0,0.9367,299.2,81.18
1557560.0,342280.0,0.9414,298.71,77.01
1557560.0,346440.0,0.9462,298.1,71.87
1557560.0,350600.0,0.9508,297.63,67.97
1557560.0,354760.0,0.9555,297.1,63.45
1557560.0,358920.0,0.9599,296.73,60.34
1557560.0,363080.0,0.9644,296.51,58.57
1557560.0,367240.0,0.9692,296.32,56.96
1557560.0,371400.0,0.9738,296.31,56.85
1557560.0,375560.0,0.9783,296.3,56.77
1557560.0,379720.0,0.9828,296.24,56.26
1557560.0,383880.0,0.9876,296.23,56.16
1557560.0,388040.0,0.9924,296.32,56.91
1557560.0,392200.0,0.9973,296.45,58.0
1557560.0,396360.0,1.0022,296.67,59.9
1557560.0,400520.0,1.0071,296.96,62.29
1557560.0,404680.0,1.0121,297.17,64.09
1557560.0,408840.0,1.017,297.21,64.43
1557560.0,413000.0,1.0221,297.05,63.04
1557560.0,417160.0,1.0273,296.88,61.62
1557560.0,421320.0,1.0324,296.84,61.33
1553400.0,196680.0,0.7972,294.68,43.14
1553400.0,200840.0,0.8009,294.28,39.73
1553400.0,205000.0,0.8046,294.11,38.31
1553400.0,209160.0,0.8084,293.98,37.26
1553400.0,213320.0,0.8122,293.99,37.37
1553400.0,217480.0,0.8161,294.26,39.59
1553400.0,221640.0,0.82,294.64,42.79
1553400.0,225800.0,0.824,295.1,46.71
1553400.0,229960.0,0.8279,295.74,52.09
1553400.0,234120.0,0.8318,296.23,56.14
1553400.0,238280.0,0.8359,296.66,59.78
1553400.0,242440.0,0.8399,296.93,62.02
1553400.0,246600.0,0.844,296.97,62.4
1553400.0,250760.0,0.8481,297.03,62.87
1553400.0,254920.0,0.8521,297.0,62.65
1553400.0,259080.0,0.8562,297.0,62.64
1553400.0,263240.0,0.8603,297.08,63.32
1553400.0,267400.0,0.8645,297.18,64.2
1553400.0,271560.0,0.8686,297.33,65.44
1553400.0,275720.0,0.8728,297.45,66.43
1553400.0,279880.0,0.877,297.55,67.24
1553400.0,284040.0,0.8812,297.59,67.62
1553400.0,288200.0,0.8853,297.58,67.52
1553400.0,292360.0,0.8895,297.62,67.88
1553400.0,296520.0,0.8938,297.67,68.27
1553400.0,300680.0,0.8981,297.77,69.16
1553400.0,304840.0,0.9025,297.92,70.36
1553400.0,309000.0,0.9069,298.05,71.48
1553400.0,313160.0,0.9113,298.4,74.41
1553400.0,317320.0,0.9158,298.8,77.76
1553400.0,321480.0,0.9203,299.19,81.11
1553400.0,325640.0,0.9247,299.58,84.34
1553400.0,329800.0,0.9291,299.77,85.95
1553400.0,333960.0,0.9334,299.68,85.17
1553400.0,338120.0,0.9378,299.38,82.67
1553400.0,342280.0,0.9425,298.86,78.33
1553400.0,346440.0,0.9472,298.21,72.84
1553400.0,350600.0,0.9518,297.7,68.53
1553400.0,354760.0,0.9564,297.11,63.61
1553400.0,358920.0,0.961,296.71,60.17
1553400.0,363080.0,0.9656,296.49,58.36
1553400.0,367240.0,0.9702,296.35,57.15
1553400.0,371400.0,0.9747,296.41,57.67
1553400.0,375560.0,0.9792,296.5,58.42
1553400.0,379720.0,0.9838,296.51,58.51
1553400.0,383880.0,0.9886,296.55,58.85
1553400.0,388040.0,0.9934,296.7,60.11
1553400.0,392200.0,0.9983,296.86,61.45
1553400.0,396360.0,1.0033,297.1,63.49
1553400.0,400520.0,1.0083,297.39,65.94
1553400.0,404680.0,1.0133,297.59,67.63
1553400.0,408840.0,1.0183,297.59,67.65
1553400.0,413000.0,1.0233,297.38,65.87
1553400.0,417160.0,1.0284,297.17,64.12
1553400.0,421320.0,1.0334,297.13,63.74
1549240.0,209160.0,0.8092,294.74,43.65
1549240.0,213320.0,0.813,294.66,42.95
1549240.0,217480.0,0.8169,294.75,43.75
1549240.0,221640.0,0.8208,294.96,45.49
1549240.0,225800.0,0.8248,295.27,48.12
1549240.0,229960.0,0.8287,295.74,52.06
1549240.0,234120.0,0.8327,296.13,55.36
1549240.0,238280.0,0.8368,296.49,58.34
1549240.0,242440.0,0.8408,296.68,60.0
1549240.0,246600.0,0.8448,296.7,60.12
1549240.0,250760.0,0.8489,296.72,60.27
1549240.0,254920.0,0.8529,296.67,59.85
1549240.0,259080.0,0.857,296.67,59.85
1549240.0,263240.0,0.8612,296.77,60.76
1549240.0,267400.0,0.8653,296.92,62.0
1549240.0,271560.0,0.8694,297.11,63.61
1549240.0,275720.0,0.8736,297.26,64.84
1549240.0,279880.0,0.8778,297.36,65.71
1549240.0,284040.0,0.8821,297.39,65.9
1549240.0,288200.0,0.8863,297.33,65.46
1549240.0,292360.0,0.8905,297.36,65.64
1549240.0,296520.0,0.8947,297.4,65.99
1549240.0,300680.0,0.899,297.53,67.15
1549240.0,304840.0,0.9035,297.75,68.96
1549240.0,309000.0,0.9079,297.97,70.78
1549240.0,313160.0,0.9123,298.42,74.63
1549240.0,317320.0,0.9167,298.9,78.64
1549240.0,321480.0,0.9211,299.36,82.49
1549240.0,325640.0,0.9256,299.79,86.11
1549240.0,329800.0,0.9301,299.99,87.76
1549240.0,333960.0,0.9345,299.91,87.13
1549240.0,338120.0,0.939,299.65,84.91
1549240.0,342280.0,0.9436,299.15,80.7
1549240.0,346440.0,0.9482,298.47,74.98
1549240.0,350600.0,0.9527,297.9,70.23
1549240.0,354760.0,0.9573,297.28,64.98
1549240.0,358920.0,0.9619,296.86,61.44
1549240.0,363080.0,0.9665,296.66,59.81
1549240.0,367240.0,0.9711,296.57,59.05
1549240.0,371400.0,0.9758,296.7,60.12
1549240.0,375560.0,0.9804,296.86,61.51
1549240.0,379720.0,0.985,296.93,62.04
1549240.0,383880.0,0.9898,297.0,62.68
1549240.0,388040.0,0.9946,297.2,64.36
1549240.0,392200.0,0.9994,297.39,65.94
1549240.0,396360.0,1.0043,297.67,68.25
1549240.0,400520.0,1.0093,298.0,71.03
1549240.0,404680.0,1.0143,298.21,72.85
1549240.0,408840.0,1.0193,298.19,72.64
1549240.0,413000.0,1.0244,297.91,70.33
1549240.0,417160.0,1.0295,297.65,68.1
1549240.0,421320.0,1.0345,297.59,67.6
1545080.0,209160.0,0.8099,295.49,49.96
1545080.0,213320.0,0.8138,295.33,48.61
1545080.0,217480.0,0.8176,295.26,48.05
1545080.0,221640.0,0.8216,295.27,48.14
1545080.0,225800.0,0.8255,295.4,49.21
1545080.0,229960.0,0.8295,295.67,51.47
1545080.0,234120.0,0.8335,295.96,53.93
1545080.0,238280.0,0.8375,296.23,56.2
1545080.0,242440.0,0.8416,296.36,57.27
1545080.0,246600.0,0.8456,296.36,57.24
1545080.0,250760.0,0.8497,296.36,57.24
1545080.0,254920.0,0.8537,296.3,56.78
1545080.0,259080.0,0.8578,296.33,56.98
1545080.0,263240.0,0.862,296.48,58.28
1545080.0,267400.0,0.8661,296.68,59.96
1545080.0,271560.0,0.8703,296.92,61.96
1545080.0,275720.0,0.8744,297.09,63.38
1545080.0,279880.0,0.8787,297.19,64.24
1545080.0,284040.0,0.8829,297.18,64.16
1545080.0,288200.0,0.8871,297.08,63.35
1545080.0,292360.0,0.8914,297.1,63.47
1545080.0,296520.0,0.8957,297.16,63.98
1545080.0,300680.0,0.9,297.36,65.68
1545080.0,304840.0,0.9044,297.67,68.33
1545080.0,309000.0,0.9088,297.99,70.97
1545080.0,313160.0,0.9132,298.57,75.82
1545080.0,317320.0,0.9175,299.13,80.57
1545080.0,321480.0,0.9218,299.64,84.83
1545080.0,325640.0,0.9263,300.07,88.5
1545080.0,329800.0,0.931,300.22,89.76
1545080.0,333960.0,0.9355,300.14,89.1
1545080.0,338120.0,0.9401,299.94,87.42
1545080.0,342280.0,0.9446,299.5,83.68
1545080.0,346440.0,0.9491,298.8,77.79
1545080.0,350600.0,0.9537,298.16,72.43
1545080.0,354760.0,0.9582,297.48,66.69
1545080.0,358920.0,0.9628,297.05,63.04
1545080.0,363080.0,0.9673,296.86,61.5
1545080.0,367240.0,0.9721,296.79,60.9
1545080.0,371400.0,0.9768,296.94,62.16
1545080.0,375560.0,0.9815,297.13,63.78
1545080.0,379720.0,0.9862,297.21,64.41
1545080.0,383880.0,0.991,297.3,65.15
1545080.0,388040.0,0.9958,297.52,67.05
1545080.0,392200.0,1.0006,297.73,68.82
1545080.0,396360.0,1.0055,298.06,71.53
1545080.0,400520.0,1.0103,298.46,74.93
1545080.0,404680.0,1.0153,298.73,77.23
1545080.0,408840.0,1.0203,298.7,76.99
1545080.0,413000.0,1.0254,298.37,74.15
1545080.0,417160.0,1.0306,298.04,71.41
1545080.0,421320.0,1.0357,297.97,70.79
1540920.0,209160.0,0.8103,296.19,55.84
1540920.0,213320.0,0.8142,295.97,54.01
1540920.0,217480.0,0.8183,295.76,52.23
1540920.0,221640.0,0.8222,295.58,50.71
1540920.0,225800.0,0.8262,295.52,50.21
1540920.0,229960.0,0.8302,295.59,50.77
1540920.0,234120.0,0.8341,295.77,52.34
1540920.0,238280.0,0.8382,295.96,53.91
1540920.0,242440.0,0.8423,296.02,54.45
1540920.0,246600.0,0.8464,296.01,54.33
1540920.0,250760.0,0.8505,296.01,54.31
1540920.0,254920.0,0.8546,295.97,53.95
1540920.0,259080.0,0.8586,296.03,54.46
1540920.0,263240.0,0.8628,296.24,56.22
1540920.0,267400.0,0.8669,296.49,58.34
1540920.0,271560.0,0.871,296.77,60.69
1540920.0,275720.0,0.8751,296.95,62.2
1540920.0,279880.0,0.8794,297.04,62.96
1540920.0,284040.0,0.8837,296.99,62.58
1540920.0,288200.0,0.888,296.85,61.43
1540920.0,292360.0,0.8923,296.87,61.57
1540920.0,296520.0,0.8966,296.97,62.36
1540920.0,300680.0,0.9009,297.24,64.7
1540920.0,304840.0,0.9052,297.67,68.28
1540920.0,309000.0,0.9096,298.08,71.77
1540920.0,313160.0,0.9141,298.77,77.54
1540920.0,317320.0,0.9184,299.41,82.91
1540920.0,321480.0,0.9227,299.94,87.4
1540920.0,325640.0,0.9272,300.34,90.78
1540920.0,329800.0,0.9318,300.41,91.35
1540920.0,333960.0,0.9364,300.31,90.52
1540920.0,338120.0,0.941,300.19,89.47
1540920.0,342280.0,0.9455,299.83,86.42
1540920.0,346440.0,0.9499,299.12,80.51
1540920.0,350600.0,0.9546,298.43,74.66
1540920.0,354760.0,0.9593,297.69,68.5
1540920.0,358920.0,0.9638,297.26,64.81
1540920.0,363080.0,0.9684,297.08,63.34
1540920.0,367240.0,0.9731,297.0,62.66
1540920.0,371400.0,0.9778,297.14,63.81
1540920.0,375560.0,0.9825,297.31,65.28
1540920.0,379720.0,0.9872,297.37,65.73
1540920.0,383880.0,0.9921,297.44,66.37
1540920.0,388040.0,0.9969,297.67,68.32
1540920.0,392200.0,1.0018,297.9,70.22
1540920.0,396360.0,1.0067,298.27,73.37
1540920.0,400520.0,1.0115,298.77,77.51
1540920.0,404680.0,1.0164,299.12,80.46
1540920.0,408840.0,1.0213,299.11,80.4
1540920.0,413000.0,1.0263,298.73,77.18
1540920.0,417160.0,1.0314,298.35,74.04
1540920.0,421320.0,1.0367,298.27,73.35
1536760.0,209160.0,0.811,296.9,61.83
1536760.0,213320.0,0.8149,296.64,59.59
1536760.0,217480.0,0.8188,296.29,56.71
1536760.0,221640.0,0.8229,295.94,53.7
1536760.0,225800.0,0.827,295.7,51.7
1536760.0,229960.0,0.831,295.57,50.59
1536760.0,234120.0,0.8349,295.64,51.22
1536760.0,238280.0,0.839,295.74,52.03
1536760.0,242440.0,0.8431,295.74,52.03
1536760.0,246600.0,0.8472,295.71,51.84
1536760.0,250760.0,0.8513,295.71,51.84
1536760.0,254920.0,0.8554,295.69,51.64
1536760.0,259080.0,0.8594,295.79,52.51
1536760.0,263240.0,0.8636,296.06,54.74
1536760.0,267400.0,0.8677,296.36,57.28
1536760.0,271560.0,0.8718,296.67,59.91
1536760.0,275720.0,0.8759,296.86,61.45
1536760.0,279880.0,0.8802,296.93,62.05
1536760.0,284040.0,0.8845,296.84,61.35
1536760.0,288200.0,0.8888,296.67,59.85
1536760.0,292360.0,0.893,296.68,60.0
1536760.0,296520.0,0.8973,296.81,61.05
1536760.0,300680.0,0.9016,297.16,64.01
1536760.0,304840.0,0.906,297.7,68.51
1536760.0,309000.0,0.9104,298.21,72.84
1536760.0,313160.0,0.9149,298.99,79.4
1536760.0,317320.0,0.9193,299.68,85.16
1536760.0,321480.0,0.9236,300.2,89.6
1536760.0,325640.0,0.9281,300.54,92.47
1536760.0,329800.0,0.9327,300.52,92.24
1536760.0,333960.0,0.9373,300.38,91.12
1536760.0,338120.0,0.942,300.32,90.57
1536760.0,342280.0,0.9465,300.04,88.22
1536760.0,346440.0,0.951,299.37,82.63
1536760.0,350600.0,0.9557,298.67,76.72
1536760.0,354760.0,0.9603,297.95,70.66
1536760.0,358920.0,0.9649,297.55,67.28
1536760.0,363080.0,0.9695,297.4,66.05
1536760.0,367240.0,0.9743,297.32,65.35
1536760.0,371400.0,0.979,297.43,66.26
1536760.0,375560.0,0.9836,297.56,67.38
1536760.0,379720.0,0.9883,297.57,67.47
1536760.0,383880.0,0.9932,297.62,67.86
1536760.0,388040.0,0.998,297.84,69.71
1536760.0,392200.0,1.003,298.07,71.67
1536760.0,396360.0,1.0078,298.49,75.21
1536760.0,400520.0,1.0127,299.06,79.99
1536760.0,404680.0,1.0176,299.49,83.57
1536760.0,408840.0,1.0225,299.52,83.83
1536760.0,413000.0,1.0275,299.12,80.46
1536760.0,417160.0,1.0326,298.72,77.11
1536760.0,421320.0,1.0378,298.63,76.4
1532600.0,242440.0,0.844,295.56,50.52
1532600.0,246600.0,0.848,295.52,50.21
1532600.0,250760.0,0.8521,295.52,50.18
1532600.0,254920.0,0.8562,295.51,50.13
1532600.0,259080.0,0.8603,295.65,51.34
1532600.0,263240.0,0.8644,295.97,53.98
1532600.0,267400.0,0.8686,296.31,56.88
1532600.0,271560.0,0.8727,296.65,59.73
1532600.0,275720.0,0.8769,296.84,61.26
1532600.0,279880.0,0.8812,296.88,61.67
1532600.0,284040.0,0.8854,296.76,60.63
1532600.0,288200.0,0.8896,296.54,58.77
1532600.0,292360.0,0.8939,296.54,58.82
1532600.0,296520.0,0.8981,296.68,59.98
1532600.0,300680.0,0.9025,297.09,63.39
1532600.0,304840.0,0.9069,297.72,68.72
1532600.0,309000.0,0.9113,298.33,73.87
1532600.0,313160.0,0.9157,299.18,80.98
1532600.0,317320.0,0.9201,299.87,86.77
1532600.0,321480.0,0.9245,300.35,90.84
1532600.0,325640.0,0.929,300.62,93.06
1532600.0,329800.0,0.9337,300.5,92.13
1532600.0,333960.0,0.9383,300.33,90.65
1532600.0,338120.0,0.943,300.28,90.21
1532600.0,342280.0,0.9475,300.06,88.41
1532600.0,346440.0,0.952,299.49,83.61
1532600.0,350600.0,0.9566,298.88,78.46
1532600.0,354760.0,0.9613,298.28,73.42
1532600.0,358920.0,0.9659,297.99,70.96
1532600.0,363080.0,0.9706,297.91,70.34
1532600.0,367240.0,0.9753,297.87,69.95
1532600.0,371400.0,0.98,297.96,70.69
1532600.0,375560.0,0.9847,298.04,71.42
1532600.0,379720.0,0.9895,298.01,71.12
1532600.0,383880.0,0.9942,298.01,71.14
1532600.0,388040.0,0.999,298.2,72.77
1532600.0,392200.0,1.0038,298.43,74.72
1532600.0,396360.0,1.0087,298.88,78.46
1532600.0,400520.0,1.0137,299.49,83.61
1532600.0,404680.0,1.0187,299.97,87.6
1532600.0,408840.0,1.0236,300.04,88.22
1532600.0,413000.0,1.0287,299.66,85.0
1532600.0,417160.0,1.0338,299.27,81.74
1532600.0,421320.0,1.0389,299.19,81.07
1528440.0,242440.0,0.8448,295.48,49.9
1528440.0,246600.0,0.8489,295.43,49.46
1528440.0,250760.0,0.8529,295.42,49.32
1528440.0,254920.0,0.857,295.42,49.33
1528440.0,259080.0,0.8611,295.58,50.74
1528440.0,263240.0,0.8653,295.93,53.65
1528440.0,267400.0,0.8694,296.3,56.81
1528440.0,271560.0,0.8736,296.66,59.78
1528440.0,275720.0,0.8777,296.83,61.26
1528440.0,279880.0,0.882,296.86,61.47
1528440.0,284040.0,0.8862,296.7,60.14
1528440.0,288200.0,0.8905,296.45,58.01
1528440.0,292360.0,0.8948,296.43,57.87
1528440.0,296520.0,0.899,296.56,58.96
1528440.0,300680.0,0.9034,296.99,62.58
1528440.0,304840.0,0.9078,297.7,68.56
1528440.0,309000.0,0.9123,298.41,74.48
1528440.0,313160.0,0.9167,299.29,81.87
1528440.0,317320.0,0.9212,299.93,87.31
1528440.0,321480.0,0.9256,300.34,90.74
1528440.0,325640.0,0.9301,300.54,92.45
1528440.0,329800.0,0.9346,300.4,91.21
1528440.0,333960.0,0.9392,300.18,89.43
1528440.0,338120.0,0.9439,300.08,88.59
1528440.0,342280.0,0.9484,299.88,86.9
1528440.0,346440.0,0.9529,299.44,83.2
1528440.0,350600.0,0.9575,299.01,79.53
1528440.0,354760.0,0.9621,298.62,76.26
1528440.0,358920.0,0.9667,298.48,75.07
1528440.0,363080.0,0.9713,298.49,75.23
1528440.0,367240.0,0.9761,298.51,75.34
1528440.0,371400.0,0.9808,298.58,75.92
1528440.0,375560.0,0.9857,298.62,76.26
1528440.0,379720.0,0.9905,298.53,75.55
1528440.0,383880.0,0.9952,298.49,75.17
1528440.0,388040.0,1.0,298.65,76.5
1528440.0,392200.0,1.0048,298.87,78.41
1528440.0,396360.0,1.0098,299.32,82.19
1528440.0,400520.0,1.0149,299.93,87.32
1528440.0,404680.0,1.0199,300.42,91.4
1528440.0,408840.0,1.0248,300.54,92.39
1528440.0,413000.0,1.0299,300.21,89.63
1528440.0,417160.0,1.035,299.87,86.77
1528440.0,421320.0,1.04,299.8,86.21
1524280.0,242440.0,0.8457,295.52,50.17
1524280.0,246600.0,0.8496,295.45,49.62
1524280.0,250760.0,0.8535,295.42,49.38
1524280.0,254920.0,0.8576,295.42,49.4
1524280.0,259080.0,0.8618,295.6,50.89
1524280.0,263240.0,0.866,295.96,53.93
1524280.0,267400.0,0.8702,296.35,57.2
1524280.0,271560.0,0.8744,296.71,60.17
1524280.0,275720.0,0.8785,296.87,61.54
1524280.0,279880.0,0.8827,296.87,61.57
1524280.0,284040.0,0.887,296.69,60.04
1524280.0,288200.0,0.8913,296.42,57.75
1524280.0,292360.0,0.8956,296.38,57.43
1524280.0,296520.0,0.8999,296.49,58.33
1524280.0,300680.0,0.9043,296.92,61.95
1524280.0,304840.0,0.9087,297.68,68.34
1524280.0,309000.0,0.9132,298.44,74.8
1524280.0,313160.0,0.9176,299.32,82.18
1524280.0,317320.0,0.9221,299.89,86.97
1524280.0,321480.0,0.9266,300.21,89.62
1524280.0,325640.0,0.9312,300.36,90.92
1524280.0,329800.0,0.9357,300.21,89.66
1524280.0,333960.0,0.9402,299.97,87.65
1524280.0,338120.0,0.9447,299.78,86.07
1524280.0,342280.0,0.9493,299.56,84.2
1524280.0,346440.0,0.9539,299.26,81.69
1524280.0,350600.0,0.9585,299.04,79.83
1524280.0,354760.0,0.9631,298.9,78.63
1524280.0,358920.0,0.9676,298.92,78.81
1524280.0,363080.0,0.9722,299.03,79.73
1524280.0,367240.0,0.9768,299.1,80.35
1524280.0,371400.0,0.9815,299.15,80.75
1524280.0,375560.0,0.9865,299.14,80.68
1524280.0,379720.0,0.9915,299.01,79.56
1524280.0,383880.0,0.9963,298.91,78.75
1524280.0,388040.0,1.0011,299.03,79.75
1524280.0,392200.0,1.0059,299.25,81.58
1524280.0,396360.0,1.0108,299.69,85.25
1524280.0,400520.0,1.0159,300.26,90.09
1524280.0,404680.0,1.0209,300.73,94.03
1524280.0,408840.0,1.0259,300.89,95.36
1524280.0,413000.0,1.031,300.64,93.27
1524280.0,417160.0,1.0361,300.37,91.01
1524280.0,421320.0,1.0411,300.32,90.6
1520120.0,242440.0,0.8465,295.69,51.63
1520120.0,246600.0,0.8502,295.62,51.01
1520120.0,250760.0,0.854,295.58,50.73
1520120.0,254920.0,0.8583,295.59,50.81
1520120.0,259080.0,0.8625,295.78,52.36
1520120.0,263240.0,0.8668,296.14,55.4
1520120.0,267400.0,0.8711,296.52,58.63
1520120.0,271560.0,0.8752,296.86,61.48
1520120.0,275720.0,0.8793,297.01,62.72
1520120.0,279880.0,0.8836,296.99,62.58
1520120.0,284040.0,0.8878,296.8,60.93
1520120.0,288200.0,0.8921,296.52,58.58
1520120.0,292360.0,0.8964,296.45,58.07
1520120.0,296520.0,0.9007,296.53,58.73
1520120.0,300680.0,0.9051,296.94,62.15
1520120.0,304840.0,0.9095,297.7,68.57
1520120.0,309000.0,0.914,298.49,75.18
1520120.0,313160.0,0.9185,299.32,82.16
1520120.0,317320.0,0.923,299.79,86.14
1520120.0,321480.0,0.9275,300.0,87.91
1520120.0,325640.0,0.9321,300.09,88.68
1520120.0,329800.0,0.9366,299.94,87.36
1520120.0,333960.0,0.9412,299.66,85.07
1520120.0,338120.0,0.9458,299.39,82.72
1520120.0,342280.0,0.9503,299.14,80.68
1520120.0,346440.0,0.9549,298.99,79.42
1520120.0,350600.0,0.9595,299.0,79.45
1520120.0,354760.0,0.964,299.12,80.44
1520120.0,358920.0,0.9686,299.31,82.08
1520120.0,363080.0,0.9731,299.52,83.83
1520120.0,367240.0,0.9779,299.66,85.05
1520120.0,371400.0,0.9827,299.7,85.33
1520120.0,375560.0,0.9877,299.64,84.89
1520120.0,379720.0,0.9925,299.47,83.41
1520120.0,383880.0,0.9973,299.32,82.18
1520120.0,388040.0,1.0021,299.39,82.78
1520120.0,392200.0,1.0069,299.59,84.44
1520120.0,396360.0,1.0118,299.99,87.83
1520120.0,400520.0,1.0169,300.51,92.19
1520120.0,404680.0,1.0219,300.95,95.84
1520120.0,408840.0,1.027,301.14,97.47
1520120.0,413000.0,1.032,300.98,96.15
1520120.0,417160.0,1.0371,300.8,94.59
1520120.0,421320.0,1.0422,300.77,94.35
1515960.0,242440.0,0.8471,296.04,54.59
1515960.0,246600.0,0.8511,295.96,53.94
1515960.0,250760.0,0.8551,295.94,53.77
1515960.0,254920.0,0.8593,295.98,54.05
1515960.0,259080.0,0.8635,296.17,55.71
1515960.0,263240.0,0.8677,296.52,58.66
1515960.0,267400.0,0.8719,296.88,61.68
1515960.0,271560.0,0.8761,297.2,64.31
1515960.0,275720.0,0.8804,297.33,65.41
1515960.0,279880.0,0.8846,297.3,65.16
1515960.0,284040.0,0.8889,297.09,63.43
1515960.0,288200.0,0.8931,296.81,61.06
1515960.0,292360.0,0.8973,296.72,60.34
1515960.0,296520.0,0.9017,296.78,60.79
1515960.0,300680.0,0.906,297.14,63.83
1515960.0,304840.0,0.9104,297.85,69.78
1515960.0,309000.0,0.9149,298.59,75.99
1515960.0,313160.0,0.9194,299.31,82.1
1515960.0,317320.0,0.9239,299.68,85.18
1515960.0,321480.0,0.9284,299.78,86.05
1515960.0,325640.0,0.9329,299.77,85.94
1515960.0,329800.0,0.9375,299.56,84.18
1515960.0,333960.0,0.9421,299.24,81.46
1515960.0,338120.0,0.9467,298.9,78.59
1515960.0,342280.0,0.9513,298.67,76.69
1515960.0,346440.0,0.9559,298.67,76.72
1515960.0,350600.0,0.9605,298.88,78.49
1515960.0,354760.0,0.9651,299.25,81.62
1515960.0,358920.0,0.9697,299.63,84.8
1515960.0,363080.0,0.9743,299.96,87.55
1515960.0,367240.0,0.979,300.2,89.53
1515960.0,371400.0,0.9838,300.23,89.81
1515960.0,375560.0,0.9887,300.15,89.12
1515960.0,379720.0,0.9936,299.94,87.37
1515960.0,383880.0,0.9984,299.75,85.75
1515960.0,388040.0,1.0032,299.76,85.85
1515960.0,392200.0,1.0081,299.92,87.18
1515960.0,396360.0,1.013,300.27,90.13
1515960.0,400520.0,1.018,300.71,93.89
1515960.0,404680.0,1.023,301.11,97.19
1515960.0,408840.0,1.0281,301.33,99.08
1515960.0,413000.0,1.0331,301.26,98.51
1515960.0,417160.0,1.0382,301.16,97.66
1515960.0,421320.0,1.0432,301.15,97.58
1511800.0,292360.0,0.8983,297.15,63.95
1511800.0,296520.0,0.9026,297.19,64.27
1511800.0,300680.0,0.9069,297.5,66.82
1511800.0,304840.0,0.9113,298.08,71.77
1511800.0,309000.0,0.9158,298.7,76.96
1511800.0,313160.0,0.9203,299.28,81.8
1511800.0,317320.0,0.9247,299.56,84.15
1511800.0,321480.0,0.9292,299.57,84.3
1511800.0,325640.0,0.9338,299.42,83.0
1511800.0,329800.0,0.9384,299.1,80.32
1511800.0,333960.0,0.943,298.71,77.04
1511800.0,338120.0,0.9476,298.36,74.08
1511800.0,342280.0,0.9522,298.2,72.74
1511800.0,346440.0,0.9569,298.34,73.88
1511800.0,350600.0,0.9614,298.69,76.85
1511800.0,354760.0,0.966,299.26,81.65
1511800.0,358920.0,0.9707,299.8,86.23
1511800.0,363080.0,0.9754,300.26,90.03
1511800.0,367240.0,0.9802,300.6,92.92
1511800.0,371400.0,0.985,300.65,93.38
1511800.0,375560.0,0.9898,300.57,92.65
1511800.0,379720.0,0.9946,300.35,90.8
1511800.0,383880.0,0.9995,300.11,88.84
1511800.0,388040.0,1.0043,300.06,88.41
1511800.0,392200.0,1.0092,300.16,89.26
1511800.0,396360.0,1.0141,300.44,91.63
1511800.0,400520.0,1.0191,300.82,94.81
1511800.0,404680.0,1.0241,301.18,97.8
1511800.0,408840.0,1.0291,301.42,99.83
1511800.0,413000.0,1.0341,301.42,99.83
1511800.0,417160.0,1.0392,301.38,99.51
1511800.0,421320.0,1.0442,301.39,99.56
1507640.0,292360.0,0.8992,297.62,67.89
1507640.0,296520.0,0.9034,297.65,68.16
1507640.0,300680.0,0.9079,297.89,70.17
1507640.0,304840.0,0.9124,298.33,73.81
1507640.0,309000.0,0.9168,298.78,77.59
1507640.0,313160.0,0.9213,299.19,81.05
1507640.0,317320.0,0.9257,299.41,82.95
1507640.0,321480.0,0.93,299.38,82.71
1507640.0,325640.0,0.9346,299.1,80.27
1507640.0,329800.0,0.9394,298.65,76.55
1507640.0,333960.0,0.9439,298.19,72.7
1507640.0,338120.0,0.9485,297.87,69.98
1507640.0,342280.0,0.9531,297.8,69.37
1507640.0,346440.0,0.9577,298.02,71.2
1507640.0,350600.0,0.9624,298.43,74.67
1507640.0,354760.0,0.967,299.11,80.39
1507640.0,358920.0,0.9718,299.77,85.92
1507640.0,363080.0,0.9765,300.32,90.58
1507640.0,367240.0,0.9813,300.76,94.27
1507640.0,371400.0,0.986,300.85,95.05
1507640.0,375560.0,0.9908,300.79,94.49
1507640.0,379720.0,0.9957,300.57,92.7
1507640.0,383880.0,1.0005,300.32,90.54
1507640.0,388040.0,1.0054,300.21,89.65
1507640.0,392200.0,1.0103,300.25,89.98
1507640.0,396360.0,1.0152,300.46,91.75
1507640.0,400520.0,1.0201,300.78,94.44
1507640.0,404680.0,1.0251,301.11,97.19
1507640.0,408840.0,1.0302,301.35,99.21
1507640.0,413000.0,1.0352,301.38,99.5
1507640.0,417160.0,1.0403,301.38,99.48
1507640.0,421320.0,1.0452,301.39,99.6
1503480.0,292360.0,0.9,298.14,72.22
1503480.0,296520.0,0.904,298.17,72.47
1503480.0,300680.0,0.9084,298.34,73.93
1503480.0,304840.0,0.9131,298.61,76.16
1503480.0,309000.0,0.9176,298.87,78.41
1503480.0,313160.0,0.9221,299.12,80.47
1503480.0,317320.0,0.9267,299.3,81.99
1503480.0,321480.0,0.9313,299.24,81.51
1503480.0,325640.0,0.9359,298.83,78.07
1503480.0,329800.0,0.9404,298.28,73.39
1503480.0,333960.0,0.9449,297.77,69.09
1503480.0,338120.0,0.9494,297.49,66.76
1503480.0,342280.0,0.954,297.5,66.88
1503480.0,346440.0,0.9586,297.76,69.08
1503480.0,350600.0,0.9633,298.18,72.61
1503480.0,354760.0,0.9679,298.91,78.7
1503480.0,358920.0,0.9727,299.63,84.81
1503480.0,363080.0,0.9775,300.26,90.07
1503480.0,367240.0,0.9823,300.77,94.38
1503480.0,371400.0,0.987,300.9,95.48
1503480.0,375560.0,0.9919,300.87,95.18
1503480.0,379720.0,0.9967,300.67,93.56
1503480.0,383880.0,1.0015,300.41,91.34
1503480.0,388040.0,1.0064,300.26,90.1
1503480.0,392200.0,1.0112,300.25,89.96
1503480.0,396360.0,1.0161,300.39,91.16
1503480.0,400520.0,1.0211,300.66,93.4
1503480.0,404680.0,1.0261,300.95,95.89
1503480.0,408840.0,1.0312,301.18,97.81
1503480.0,413000.0,1.0363,301.24,98.27
1503480.0,417160.0,1.0413,301.25,98.43
1503480.0,421320.0,1.0463,301.27,98.59
1499320.0,292360.0,0.901,298.71,77.03
1499320.0,296520.0,0.9053,298.74,77.25
1499320.0,300680.0,0.9097,298.84,78.15
1499320.0,304840.0,0.9142,298.96,79.11
1499320.0,309000.0,0.9186,299.06,79.98
1499320.0,313160.0,0.9231,299.14,80.69
1499320.0,317320.0,0.9277,299.27,81.71
1499320.0,321480.0,0.9323,299.17,80.92
1499320.0,325640.0,0.9368,298.67,76.69
1499320.0,329800.0,0.9413,298.04,71.36
1499320.0,333960.0,0.9458,297.5,66.82
1499320.0,338120.0,0.9503,297.26,64.88
1499320.0,342280.0,0.9549,297.35,65.57
1499320.0,346440.0,0.9595,297.63,67.95
1499320.0,350600.0,0.9641,298.03,71.35
1499320.0,354760.0,0.9687,298.76,77.48
1499320.0,358920.0,0.9736,299.52,83.83
1499320.0,363080.0,0.9784,300.18,89.41
1499320.0,367240.0,0.9832,300.73,94.05
1499320.0,371400.0,0.988,300.89,95.36
1499320.0,375560.0,0.9928,300.88,95.28
1499320.0,379720.0,0.9976,300.71,93.89
1499320.0,383880.0,1.0025,300.46,91.73
1499320.0,388040.0,1.0074,300.29,90.31
1499320.0,392200.0,1.0123,300.23,89.83
1499320.0,396360.0,1.0172,300.32,90.54
1499320.0,400520.0,1.0222,300.53,92.31
1499320.0,404680.0,1.0272,300.78,94.48
1499320.0,408840.0,1.0323,301.0,96.27
1499320.0,413000.0,1.0373,301.07,96.9
1499320.0,417160.0,1.0423,301.11,97.24
1499320.0,421320.0,1.0473,301.13,97.42
1495160.0,304840.0,0.9152,299.36,82.5
1495160.0,309000.0,0.9197,299.35,82.45
1495160.0,313160.0,0.9241,299.31,82.07
1495160.0,317320.0,0.9286,299.35,82.41
1495160.0,321480.0,0.933,299.2,81.13
1495160.0,325640.0,0.9375,298.64,76.42
1495160.0,329800.0,0.942,297.99,70.96
1495160.0,333960.0,0.9464,297.45,66.43
1495160.0,338120.0,0.9509,297.25,64.72
1495160.0,342280.0,0.9556,297.36,65.66
1495160.0,346440.0,0.9603,297.64,68.04
1495160.0,350600.0,0.965,298.02,71.26
1495160.0,354760.0,0.9697,298.73,77.23
1495160.0,358920.0,0.9745,299.48,83.52
1495160.0,363080.0,0.9793,300.14,89.09
1495160.0,367240.0,0.9842,300.69,93.71
1495160.0,371400.0,0.989,300.85,95.0
1495160.0,375560.0,0.9938,300.85,95.0
1495160.0,379720.0,0.9986,300.71,93.85
1495160.0,383880.0,1.0035,300.48,91.91
1491000.0,304840.0,0.9162,299.69,85.28
1491000.0,309000.0,0.9207,299.65,84.95
1491000.0,313160.0,0.9252,299.54,84.03
1491000.0,317320.0,0.9296,299.51,83.77
1491000.0,321480.0,0.9341,299.31,82.06
1491000.0,325640.0,0.9384,298.74,77.29
1491000.0,329800.0,0.9428,298.13,72.12
1491000.0,333960.0,0.9472,297.61,67.81
1491000.0,338120.0,0.9516,297.42,66.16
1491000.0,342280.0,0.9563,297.52,67.0
1491000.0,346440.0,0.9611,297.76,69.06
1491000.0,350600.0,0.9658,298.1,71.9
1491000.0,354760.0,0.9705,298.75,77.36
1491000.0,358920.0,0.9753,299.45,83.26
1491000.0,363080.0,0.9801,300.07,88.51
1491000.0,367240.0,0.9851,300.58,92.76
1491000.0,371400.0,0.99,300.71,93.83
1491000.0,375560.0,0.9948,300.71,93.84
1491000.0,379720.0,0.9996,300.6,92.92
1491000.0,383880.0,1.0045,300.41,91.33
1486840.0,304840.0,0.9172,299.96,87.52
1486840.0,309000.0,0.9216,299.93,87.29
1486840.0,313160.0,0.9261,299.8,86.24
1486840.0,317320.0,0.9305,299.72,85.52
1486840.0,321480.0,0.935,299.48,83.5
1486840.0,325640.0,0.9394,298.95,79.04
1486840.0,329800.0,0.9439,298.41,74.51
1486840.0,333960.0,0.9484,297.95,70.62
1486840.0,338120.0,0.9529,297.75,69.0
1486840.0,342280.0,0.9575,297.82,69.52
1486840.0,346440.0,0.9621,298.0,71.07
1486840.0,350600.0,0.9668,298.27,73.37
1486840.0,354760.0,0.9715,298.83,78.0
1486840.0,358920.0,0.9761,299.44,83.17
1486840.0,363080.0,0.9808,299.99,87.82
1486840.0,367240.0,0.9859,300.42,91.42
1486840.0,371400.0,0.991,300.51,92.2
1486840.0,375560.0,0.9958,300.51,92.16
1486840.0,379720.0,1.0007,300.42,91.45
1486840.0,383880.0,1.0055,300.28,90.27
1482680.0,304840.0,0.9181,300.18,89.42
1482680.0,309000.0,0.9226,300.18,89.41
1482680.0,313160.0,0.927,300.06,88.4
1482680.0,317320.0,0.9315,299.94,87.37
1482680.0,321480.0,0.936,299.69,85.24
1482680.0,325640.0,0.9405,299.23,81.4
1482680.0,329800.0,0.9449,298.8,77.78
1482680.0,333960.0,0.9495,298.41,74.51
1482680.0,338120.0,0.954,298.23,73.01
1482680.0,342280.0,0.9587,298.25,73.19
1482680.0,346440.0,0.9634,298.37,74.14
1482680.0,350600.0,0.9681,298.56,75.8
1482680.0,354760.0,0.9728,298.99,79.36
1482680.0,358920.0,0.9772,299.48,83.47
1482680.0,363080.0,0.9818,299.92,87.21
1482680.0,367240.0,0.9869,300.25,90.0
1482680.0,371400.0,0.992,300.31,90.49
1482680.0,375560.0,0.9968,300.3,90.41
1482680.0,379720.0,1.0017,300.24,89.88
1482680.0,383880.0,1.0066,300.14,89.07
1478520.0,367240.0,0.9882,300.11,88.8
1478520.0,371400.0,0.993,300.15,89.11
1474360.0,367240.0,0.9892,300.02,88.02
1474360.0,371400.0,0.994,300.05,88.28
1470200.0,367240.0,0.9901,299.96,87.56
1470200.0,371400.0,0.995,299.99,87.84
1466040.0,367240.0,0.991,299.93,87.29
1466040.0,371400.0,0.9958,299.97,87.61
